id,nombre,categoria,direccion,ciudad,latitud,longitud,telefono,email,sitio_web,horario_apertura,horario_cierre,precio_promedio,calificacion_promedio,numero_resenas,descripcion,imagen_principal,tipo_cocina,capacidad,tiene_wifi,tiene_estacionamiento,acepta_reservas,metodos_pago,estado
1,La Trattoria,Italiana,Calle Mayor 45,Madrid,40.4168,-3.7038,+34 91 234 5678,info@latrattoria.es,www.latrattoria.es,12:00,23:00,25,4.7,156,Auténtica cocina italiana con ingredientes importados,https://placeholder.com/restaurant1.jpg,Italiana,80,Sí,Sí,Sí,Efectivo;Tarjeta;PayPal,activo
2,Sakura Sushi,Asiática,Paseo de la Castellana 120,Madrid,40.4200,-3.7050,+34 91 345 6789,reservas@sakurasushi.es,www.sakurasushi.es,13:00,23:30,30,4.8,203,Sushi fresco preparado diariamente por chefs japoneses,https://placeholder.com/restaurant2.jpg,Japonesa,60,Sí,No,Sí,Tarjeta;PayPal;Apple Pay,activo
3,El Mariachi,Mexicana,Calle Alcalá 78,Madrid,40.4150,-3.7000,+34 91 456 7890,contacto@elmariachi.es,www.elmariachi.es,14:00,00:00,18,4.5,89,Comida mexicana auténtica con margaritas premium,https://placeholder.com/restaurant3.jpg,Mexicana,100,Sí,Sí,Sí,Efectivo;Tarjeta,activo
4,Le Petit Bistro,Francesa,Calle Serrano 200,Madrid,40.4180,-3.7060,+34 91 567 8901,reservas@lepetitbistro.es,www.lepetitbistro.es,12:30,23:00,45,4.9,178,Cocina francesa clásica en ambiente elegante,https://placeholder.com/restaurant4.jpg,Francesa,50,Sí,Sí,Sí,Tarjeta;PayPal,activo
5,Tapas & Vino,Española,Plaza Mayor 15,Madrid,40.4160,-3.7020,+34 91 678 9012,info@tapasyv.es,www.tapasyv.es,11:00,00:30,20,4.6,234,Tapas tradicionales españolas con vinos de la región,https://placeholder.com/restaurant5.jpg,Española,120,Sí,No,No,Efectivo;Tarjeta,activo
6,Green Leaf,Vegetariana,Calle Fuencarral 88,Madrid,40.4190,-3.7040,+34 91 789 0123,hola@greenleaf.es,www.greenleaf.es,13:00,22:00,22,4.7,145,Cocina vegetariana y vegana innovadora,https://placeholder.com/restaurant6.jpg,Vegetariana,45,Sí,Sí,Sí,Tarjeta;PayPal;Bizum,activo
